t,event,target,eye_az,head_yaw,neck_ry,head_ry,total_az
0.000,,CHAT,0.000,0.000,0.400,0.683,0.000
0.033,,CHAT,8.095,0.000,0.400,0.685,8.095
0.067,,CHAT,19.368,0.001,0.400,0.755,19.368
0.100,,CHAT,19.455,0.040,0.428,0.739,19.496
0.133,,CHAT,19.293,0.203,0.538,0.795,19.496
0.167,,CHAT,18.959,0.537,0.765,0.823,19.496
0.200,,CHAT,18.439,1.057,1.119,1.004,19.496
0.233,,CHAT,17.747,1.748,1.589,1.238,19.496
0.267,,CHAT,16.921,2.575,2.151,1.520,19.496
0.300,,CHAT,16.011,3.484,2.769,1.797,19.496
0.333,,CHAT,15.079,4.417,3.403,2.057,19.496
0.367,,CHAT,14.187,5.309,4.010,2.335,19.496
0.400,,CHAT,13.395,6.101,4.549,2.563,19.496
0.433,,CHAT,12.750,6.746,4.987,2.752,19.496
0.467,,CHAT,12.283,7.213,5.305,2.846,19.496
0.500,,CHAT,12.001,7.494,5.496,2.928,19.496
0.533,,CHAT,11.881,7.615,5.578,2.960,19.496
0.567,,CHAT,11.861,7.634,5.591,2.989,19.496
0.600,,CHAT,11.861,7.634,5.591,2.990,19.496
0.633,,CHAT,11.988,7.508,5.505,2.927,19.496
0.667,,CHAT,12.109,7.387,5.423,2.858,19.496
0.700,,CHAT,12.225,7.271,5.344,2.848,19.496
0.733,,CHAT,12.336,7.160,5.269,2.910,19.496
0.767,,CHAT,12.442,7.054,5.197,2.861,19.496
0.800,,CHAT,12.543,6.952,5.128,2.913,19.496
0.833,,CHAT,12.640,6.855,5.062,2.868,19.496
0.867,,CHAT,12.733,6.763,4.999,2.803,19.496
0.900,,CHAT,12.821,6.674,4.938,2.724,19.496
0.933,,CHAT,12.906,6.590,4.881,2.626,19.496
0.967,,CHAT,12.986,6.509,4.826,2.627,19.496
1.000,,CHAT,13.063,6.433,4.774,2.653,19.496
1.033,,CHAT,13.136,6.360,4.725,2.646,19.496
1.067,,CHAT,13.205,6.291,4.678,2.667,19.496
1.100,,CHAT,13.271,6.225,4.633,2.627,19.496
1.133,,CHAT,13.333,6.162,4.590,2.656,19.496
1.167,,CHAT,13.393,6.103,4.550,2.640,19.496
1.200,,CHAT,13.449,6.047,4.512,2.568,19.496
1.233,,CHAT,13.502,5.993,4.476,2.515,19.496
1.267,,CHAT,13.552,5.943,4.441,2.505,19.496
1.300,,CHAT,13.600,5.896,4.409,2.507,19.496
1.333,,CHAT,13.644,5.851,4.379,2.518,19.496
1.367,,CHAT,13.687,5.809,4.350,2.491,19.496
1.400,,CHAT,13.726,5.769,4.323,2.474,19.496
1.433,,CHAT,13.763,5.732,4.298,2.380,19.496
1.467,,CHAT,13.798,5.697,4.274,2.382,19.496
1.500,,CHAT,13.831,5.665,4.252,2.350,19.496
1.533,,CHAT,13.861,5.635,4.232,2.357,19.496
1.567,,CHAT,13.889,5.606,4.212,2.311,19.496
1.600,,CHAT,13.915,5.580,4.195,2.243,19.496
1.633,,CHAT,13.939,5.556,4.178,2.260,19.496
1.667,,CHAT,13.962,5.534,4.163,2.208,19.496
1.700,,CHAT,13.982,5.513,4.149,2.213,19.496
1.733,,CHAT,14.001,5.495,4.136,2.216,19.496
1.767,,CHAT,14.018,5.478,4.125,2.239,19.496
1.800,,CHAT,14.033,5.462,4.114,2.305,19.496
1.833,,CHAT,14.047,5.449,4.105,2.292,19.496
1.867,,CHAT,14.059,5.436,4.097,2.331,19.496
1.900,,CHAT,14.070,5.426,4.089,2.369,19.496
1.933,,CHAT,14.079,5.416,4.083,2.412,19.496
1.967,,CHAT,14.087,5.408,4.078,2.439,19.496
2.000,,CHAT,14.094,5.401,4.073,2.400,19.496
2.033,,CHAT,14.100,5.396,4.069,2.402,19.496
2.067,,CHAT,14.104,5.392,4.066,2.370,19.496
2.100,,CHAT,14.107,5.388,4.064,2.403,19.496
2.133,,CHAT,14.109,5.386,4.063,2.385,19.496
2.167,,CHAT,14.110,5.385,4.062,2.387,19.496
2.200,,CHAT,14.110,5.385,4.062,2.413,19.496
2.233,,CHAT,14.109,5.386,4.063,2.382,19.496
2.267,,CHAT,14.107,5.388,4.064,2.373,19.496
2.300,,CHAT,14.104,5.391,4.066,2.377,19.496
2.333,,CHAT,14.101,5.395,4.068,2.386,19.496
2.367,,CHAT,14.096,5.399,4.071,2.361,19.496
2.400,,CHAT,14.091,5.404,4.075,2.389,19.496
2.433,,CHAT,14.085,5.410,4.079,2.358,19.496
2.467,,CHAT,14.078,5.417,4.084,2.374,19.496
2.500,,CHAT,14.071,5.424,4.089,2.377,19.496
2.533,,CHAT,14.063,5.432,4.094,2.463,19.496
2.567,,CHAT,14.054,5.441,4.100,2.473,19.496
2.600,,CHAT,14.045,5.450,4.106,2.463,19.496
2.633,,CHAT,14.035,5.460,4.113,2.481,19.496
2.667,,CHAT,14.025,5.470,4.120,2.473,19.496
2.700,,CHAT,14.014,5.481,4.127,2.479,19.496
2.733,,CHAT,14.003,5.493,4.135,2.489,19.496
2.767,,CHAT,13.991,5.504,4.143,2.497,19.496
2.800,,CHAT,13.979,5.517,4.151,2.504,19.496
2.833,,CHAT,13.966,5.529,4.160,2.547,19.496
2.867,,CHAT,13.953,5.542,4.169,2.534,19.496
2.900,,CHAT,13.940,5.556,4.178,2.535,19.496
2.933,,CHAT,13.926,5.569,4.187,2.608,19.496
2.967,,CHAT,13.912,5.583,4.197,2.542,19.496
3.000,,CHAT,13.898,5.598,4.206,2.554,19.496
3.033,,CHAT,13.883,5.612,4.216,2.599,19.496
3.067,,CHAT,13.868,5.627,4.226,2.628,19.496
3.100,,CHAT,13.853,5.642,4.237,2.580,19.496
3.133,,CHAT,13.838,5.658,4.247,2.567,19.496
3.167,,CHAT,13.822,5.673,4.258,2.518,19.496
3.200,,CHAT,13.807,5.689,4.268,2.517,19.496
3.233,,CHAT,13.791,5.705,4.279,2.549,19.496
3.267,,CHAT,13.774,5.721,4.290,2.561,19.496
3.300,,CHAT,13.758,5.737,4.301,2.652,19.496
3.333,,CHAT,13.742,5.754,4.313,2.640,19.496
3.367,,CHAT,13.725,5.770,4.324,2.633,19.496
3.400,,CHAT,13.708,5.787,4.335,2.650,19.496
3.433,,CHAT,13.692,5.804,4.347,2.624,19.496
3.467,,CHAT,13.675,5.821,4.358,2.549,19.496
3.500,,CHAT,13.658,5.838,4.370,2.524,19.496
3.533,,CHAT,13.641,5.855,4.381,2.590,19.496
3.567,,CHAT,13.624,5.872,4.393,2.619,19.496
3.600,,CHAT,13.607,5.889,4.405,2.623,19.496
3.633,,CHAT,13.589,5.906,4.416,2.635,19.496
3.667,,CHAT,13.572,5.923,4.428,2.649,19.496
3.700,,CHAT,13.555,5.941,4.440,2.658,19.496
3.733,,LENS,13.538,5.958,4.451,2.696,19.496
3.767,,LENS,5.258,5.958,4.451,2.747,11.216
3.800,,LENS,-6.266,5.954,4.448,2.795,-0.312
3.833,,LENS,-6.321,5.878,4.397,2.788,-0.443
3.867,,LENS,-6.093,5.650,4.242,2.722,-0.443
3.900,,LENS,-5.679,5.236,3.961,2.604,-0.443
3.933,,LENS,-5.087,4.644,3.558,2.373,-0.443
3.967,,LENS,-4.354,3.911,3.060,2.178,-0.443
4.000,tiny shift, eyes only,LENS,-3.540,3.098,2.507,1.919,-0.443
4.033,,LENS,-2.716,2.274,1.946,1.679,-0.443
4.067,,LENS,-1.954,1.511,1.428,1.494,-0.443
4.100,,LENS,-1.316,0.874,0.994,1.311,-0.443
4.133,,LENS,-0.849,0.407,0.677,1.162,-0.443
4.167,,LENS,-0.569,0.127,0.486,1.043,-0.443
4.200,,LENS,-0.457,0.014,0.410,0.992,-0.443
4.233,,LENS,-0.443,0.000,0.400,0.978,-0.443
4.267,,MAIN_DISPLAY,-0.443,0.000,0.400,0.996,-0.443
4.300,,MAIN_DISPLAY,-1.418,0.000,0.400,0.979,-1.418
4.333,,MAIN_DISPLAY,-2.777,0.000,0.400,0.967,-2.777
4.367,,MAIN_DISPLAY,-2.793,0.000,0.400,0.889,-2.793
4.400,,MAIN_DISPLAY,-2.793,0.000,0.400,0.864,-2.793
4.433,,MAIN_DISPLAY,-2.793,0.000,0.400,0.868,-2.793
4.467,,MAIN_DISPLAY,-2.793,0.000,0.400,0.851,-2.793
4.500,,MAIN_DISPLAY,-2.793,0.000,0.400,0.853,-2.793
4.533,,MAIN_DISPLAY,-2.793,0.000,0.400,0.807,-2.793
4.567,,MAIN_DISPLAY,-2.793,0.000,0.400,0.802,-2.793
4.600,,MAIN_DISPLAY,-2.793,0.000,0.400,0.794,-2.793
4.633,,MAIN_DISPLAY,-2.793,0.000,0.400,0.798,-2.793
4.667,,MAIN_DISPLAY,-2.793,0.000,0.400,0.821,-2.793
4.700,,MAIN_DISPLAY,-2.793,0.000,0.400,0.781,-2.793
4.733,,MAIN_DISPLAY,-2.793,0.000,0.400,0.746,-2.793
4.767,,MAIN_DISPLAY,-2.793,0.000,0.400,0.766,-2.793
4.800,,MAIN_DISPLAY,-2.793,0.000,0.400,0.742,-2.793
4.833,,MAIN_DISPLAY,-2.793,0.000,0.400,0.745,-2.793
4.867,,MAIN_DISPLAY,-2.793,0.000,0.400,0.750,-2.793
4.900,,MAIN_DISPLAY,-2.793,0.000,0.400,0.745,-2.793
4.933,,MAIN_DISPLAY,-2.793,0.000,0.400,0.723,-2.793
4.967,,MAIN_DISPLAY,-2.793,0.000,0.400,0.776,-2.793
5.000,,MAIN_DISPLAY,-2.793,0.000,0.400,0.778,-2.793
5.033,,MAIN_DISPLAY,-2.793,0.000,0.400,0.779,-2.793
5.067,,MAIN_DISPLAY,-2.793,0.000,0.400,0.837,-2.793
5.100,,MAIN_DISPLAY,-2.793,0.000,0.400,0.839,-2.793
5.133,,MAIN_DISPLAY,-2.793,0.000,0.400,0.806,-2.793
5.167,,MAIN_DISPLAY,-2.793,0.000,0.400,0.841,-2.793
5.200,,MAIN_DISPLAY,-2.793,0.000,0.400,0.900,-2.793
5.233,,MAIN_DISPLAY,-2.793,0.000,0.400,0.895,-2.793
5.267,,MAIN_DISPLAY,-2.793,0.000,0.400,0.864,-2.793
5.300,,MAIN_DISPLAY,-2.793,0.000,0.400,0.835,-2.793
5.333,,MAIN_DISPLAY,-2.793,0.000,0.400,0.787,-2.793
5.367,,MAIN_DISPLAY,-2.793,0.000,0.400,0.794,-2.793
5.400,,MAIN_DISPLAY,-2.793,0.000,0.400,0.801,-2.793
5.433,,MAIN_DISPLAY,-2.793,0.000,0.400,0.827,-2.793
5.467,,MAIN_DISPLAY,-2.793,0.000,0.400,0.775,-2.793
5.500,,MAIN_DISPLAY,-2.793,0.000,0.400,0.775,-2.793
5.533,,MAIN_DISPLAY,-2.793,0.000,0.400,0.745,-2.793
5.567,,MAIN_DISPLAY,-2.793,0.000,0.400,0.723,-2.793
5.600,,MAIN_DISPLAY,-2.793,0.000,0.400,0.677,-2.793
5.633,,MAIN_DISPLAY,-2.793,0.000,0.400,0.677,-2.793
5.667,,MAIN_DISPLAY,-2.793,0.000,0.400,0.620,-2.793
5.700,,MAIN_DISPLAY,-2.793,0.000,0.400,0.538,-2.793
5.733,,MAIN_DISPLAY,-2.793,0.000,0.400,0.516,-2.793
5.767,,MAIN_DISPLAY,-2.793,0.000,0.400,0.499,-2.793
5.800,,MAIN_DISPLAY,-2.793,0.000,0.400,0.508,-2.793
5.833,,MAIN_DISPLAY,-2.793,0.000,0.400,0.492,-2.793
5.867,,MAIN_DISPLAY,-2.793,0.000,0.400,0.464,-2.793
5.900,,SECOND_DISPLAY,-2.793,0.000,0.400,0.481,-2.793
5.933,,SECOND_DISPLAY,-10.193,0.000,0.400,0.524,-10.193
5.967,,SECOND_DISPLAY,-20.498,-0.001,0.400,0.597,-20.499
6.000,,SECOND_DISPLAY,-20.549,-0.066,0.355,0.609,-20.615
6.033,,SECOND_DISPLAY,-20.277,-0.339,0.170,0.512,-20.615
6.067,,SECOND_DISPLAY,-19.729,-0.886,-0.203,0.369,-20.615
6.100,,SECOND_DISPLAY,-18.909,-1.706,-0.760,0.107,-20.615
6.133,,SECOND_DISPLAY,-17.874,-2.741,-1.464,-0.205,-20.615
6.167,,SECOND_DISPLAY,-16.719,-3.896,-2.249,-0.616,-20.615
6.200,,SECOND_DISPLAY,-15.557,-5.058,-3.040,-0.970,-20.615
6.233,,SECOND_DISPLAY,-14.502,-6.113,-3.757,-1.346,-20.615
6.267,,SECOND_DISPLAY,-13.653,-6.962,-4.334,-1.618,-20.615
6.300,,SECOND_DISPLAY,-13.071,-7.544,-4.730,-1.804,-20.615
6.333,,SECOND_DISPLAY,-12.769,-7.846,-4.936,-1.865,-20.615
6.367,,SECOND_DISPLAY,-12.685,-7.930,-4.993,-1.888,-20.615
6.400,,SECOND_DISPLAY,-12.683,-7.932,-4.994,-1.860,-20.615
6.433,,SECOND_DISPLAY,-12.822,-7.793,-4.900,-1.837,-20.615
6.467,,SECOND_DISPLAY,-12.955,-7.661,-4.809,-1.788,-20.615
6.500,,SECOND_DISPLAY,-13.082,-7.533,-4.723,-1.758,-20.615
6.533,,SECOND_DISPLAY,-13.204,-7.411,-4.640,-1.702,-20.615
6.567,,SECOND_DISPLAY,-13.320,-7.295,-4.560,-1.714,-20.615
6.600,,SECOND_DISPLAY,-13.432,-7.183,-4.485,-1.730,-20.615
6.633,,SECOND_DISPLAY,-13.538,-7.077,-4.412,-1.654,-20.615
6.667,,SECOND_DISPLAY,-13.640,-6.975,-4.343,-1.597,-20.615
6.700,,SECOND_DISPLAY,-13.737,-6.878,-4.277,-1.522,-20.615
6.733,,SECOND_DISPLAY,-13.830,-6.785,-4.214,-1.479,-20.615
6.767,,SECOND_DISPLAY,-13.918,-6.697,-4.154,-1.460,-20.615
6.800,,SECOND_DISPLAY,-14.002,-6.613,-4.097,-1.466,-20.615
6.833,,SECOND_DISPLAY,-14.083,-6.533,-4.042,-1.424,-20.615
6.867,,SECOND_DISPLAY,-14.159,-6.456,-3.990,-1.328,-20.615
6.900,,SECOND_DISPLAY,-14.231,-6.384,-3.941,-1.305,-20.615
6.933,,SECOND_DISPLAY,-14.300,-6.315,-3.894,-1.270,-20.615
6.967,,SECOND_DISPLAY,-14.365,-6.250,-3.850,-1.251,-20.615
7.000,,SECOND_DISPLAY,-14.427,-6.188,-3.808,-1.189,-20.615
7.033,,SECOND_DISPLAY,-14.485,-6.130,-3.768,-1.146,-20.615
7.067,,SECOND_DISPLAY,-14.540,-6.075,-3.731,-1.135,-20.615
7.100,,SECOND_DISPLAY,-14.592,-6.023,-3.695,-1.154,-20.615
7.133,,SECOND_DISPLAY,-14.641,-5.974,-3.662,-1.165,-20.615
7.167,,SECOND_DISPLAY,-14.688,-5.927,-3.631,-1.144,-20.615
7.200,,SECOND_DISPLAY,-14.731,-5.884,-3.601,-1.088,-20.615
7.233,,SECOND_DISPLAY,-14.772,-5.843,-3.573,-1.094,-20.615
7.267,,SECOND_DISPLAY,-14.810,-5.805,-3.547,-1.126,-20.615
7.300,,SECOND_DISPLAY,-14.846,-5.769,-3.523,-1.130,-20.615
7.333,,SECOND_DISPLAY,-14.879,-5.736,-3.500,-1.092,-20.615
7.367,,SECOND_DISPLAY,-14.910,-5.705,-3.479,-1.087,-20.615
7.400,,SECOND_DISPLAY,-14.939,-5.676,-3.460,-1.011,-20.615
7.433,,SECOND_DISPLAY,-14.965,-5.650,-3.442,-1.019,-20.615
7.467,,SECOND_DISPLAY,-14.990,-5.625,-3.425,-1.005,-20.615
7.500,,SECOND_DISPLAY,-15.012,-5.603,-3.410,-1.046,-20.615
7.533,,SECOND_DISPLAY,-15.033,-5.582,-3.396,-1.102,-20.615
7.567,,SECOND_DISPLAY,-15.051,-5.564,-3.383,-1.076,-20.615
7.600,,SECOND_DISPLAY,-15.068,-5.547,-3.372,-1.131,-20.615
7.633,,SECOND_DISPLAY,-15.083,-5.532,-3.362,-1.136,-20.615
7.667,,SECOND_DISPLAY,-15.097,-5.518,-3.352,-1.121,-20.615
7.700,,SECOND_DISPLAY,-15.109,-5.506,-3.344,-1.085,-20.615
7.733,,SECOND_DISPLAY,-15.119,-5.496,-3.337,-1.117,-20.615
7.767,,SECOND_DISPLAY,-15.128,-5.487,-3.331,-1.119,-20.615
7.800,,SECOND_DISPLAY,-15.135,-5.480,-3.326,-1.137,-20.615
7.833,,SECOND_DISPLAY,-15.141,-5.474,-3.322,-1.106,-20.615
7.867,,SECOND_DISPLAY,-15.146,-5.469,-3.319,-1.123,-20.615
7.900,,SECOND_DISPLAY,-15.150,-5.466,-3.317,-1.157,-20.615
7.933,,SECOND_DISPLAY,-15.152,-5.463,-3.315,-1.109,-20.615
7.967,,SECOND_DISPLAY,-15.153,-5.462,-3.314,-1.142,-20.615
8.000,,SECOND_DISPLAY,-15.153,-5.462,-3.314,-1.114,-20.615
8.033,,SECOND_DISPLAY,-15.152,-5.463,-3.315,-1.112,-20.615
8.067,,SECOND_DISPLAY,-15.150,-5.465,-3.316,-1.115,-20.615
8.100,,SECOND_DISPLAY,-15.147,-5.468,-3.318,-1.133,-20.615
8.133,,SECOND_DISPLAY,-15.143,-5.472,-3.321,-1.155,-20.615
8.167,,SECOND_DISPLAY,-15.138,-5.477,-3.325,-1.176,-20.615
8.200,,SECOND_DISPLAY,-15.132,-5.483,-3.328,-1.184,-20.615
8.233,,SECOND_DISPLAY,-15.126,-5.490,-3.333,-1.195,-20.615
8.267,,CHAT,-15.118,-5.497,-3.338,-1.142,-20.615
8.300,,CHAT,-8.473,-5.497,-3.338,-1.099,-13.970
8.333,,CHAT,11.630,-5.480,-3.327,-1.051,6.149
8.367,,CHAT,21.606,-5.377,-3.256,-0.987,16.229
8.400,,CHAT,21.439,-5.128,-3.087,-0.850,16.311
8.433,,CHAT,21.014,-4.703,-2.798,-0.698,16.311
8.467,,CHAT,20.405,-4.094,-2.384,-0.540,16.311
8.500,,CHAT,19.626,-3.315,-1.854,-0.258,16.311
8.533,,CHAT,18.704,-2.393,-1.227,0.024,16.311
8.567,,CHAT,17.679,-1.368,-0.530,0.371,16.311
8.600,,CHAT,16.600,-0.289,0.204,0.672,16.311
8.633,,CHAT,15.518,0.793,0.939,0.987,16.311
8.667,,CHAT,14.486,1.825,1.641,1.263,16.311
8.700,,CHAT,13.553,2.758,2.275,1.537,16.311
8.733,,CHAT,12.759,3.552,2.815,1.741,16.311
8.767,,CHAT,12.134,4.176,3.240,1.948,16.311
8.800,,CHAT,11.693,4.618,3.540,2.174,16.311
8.833,,CHAT,11.429,4.882,3.720,2.235,16.311
8.867,,CHAT,11.314,4.997,3.798,2.287,16.311
8.900,,CHAT,11.293,5.018,3.812,2.307,16.311
8.933,,CHAT,11.293,5.018,3.812,2.243,16.311
8.967,,CHAT,11.373,4.938,3.758,2.252,16.311
9.000,quick glance,CHAT,11.449,4.861,3.706,2.211,16.311
9.033,,CHAT,11.655,4.861,3.706,2.159,16.517
9.067,,CHAT,11.938,4.865,3.708,2.129,16.803
9.100,,CHAT,11.919,4.887,3.723,2.193,16.806
9.133,,CHAT,11.874,4.933,3.754,2.212,16.806
9.167,,CHAT,11.809,4.998,3.798,2.190,16.806
9.200,,CHAT,11.735,5.072,3.849,2.209,16.806
9.233,,CHAT,11.663,5.143,3.897,2.249,16.806
9.267,,CHAT,11.607,5.199,3.935,2.299,16.806
9.300,,CHAT,11.574,5.233,3.958,2.291,16.806
9.333,,CHAT,11.562,5.244,3.966,2.305,16.806
9.367,,CHAT,11.562,5.245,3.966,2.328,16.806
9.400,,CHAT,11.661,5.146,3.899,2.325,16.806
9.433,,CHAT,11.755,5.051,3.835,2.266,16.806
9.467,,CHAT,11.846,4.960,3.773,2.245,16.806
9.500,,CHAT,11.933,4.874,3.714,2.253,16.806
9.533,,CHAT,12.016,4.791,3.658,2.226,16.806
9.567,,CHAT,12.095,4.711,3.604,2.181,16.806
9.600,,CHAT,12.171,4.635,3.552,2.090,16.806
9.633,,CHAT,12.244,4.563,3.503,2.071,16.806
9.667,,CHAT,12.313,4.494,3.456,2.032,16.806
9.700,,CHAT,12.379,4.428,3.411,2.030,16.806
9.733,,CHAT,12.442,4.365,3.368,2.049,16.806
9.767,,CHAT,12.501,4.305,3.327,2.016,16.806
9.800,,CHAT,12.558,4.248,3.289,2.019,16.806
9.833,,CHAT,12.613,4.194,3.252,2.002,16.806
9.867,,CHAT,12.664,4.142,3.217,1.970,16.806
9.900,,CHAT,12.713,4.093,3.183,1.982,16.806
9.933,,LENS,12.759,4.047,3.152,1.946,16.806
9.967,,LENS,5.751,4.047,3.152,1.956,9.798
10.000,,LENS,-3.994,4.033,3.142,1.971,0.039
10.033,,LENS,-4.032,3.962,3.094,1.946,-0.071
10.067,,LENS,-3.875,3.804,2.987,1.899,-0.071
10.100,,LENS,-3.619,3.549,2.813,1.808,-0.071
10.133,,LENS,-3.271,3.201,2.577,1.683,-0.071
10.167,,LENS,-2.848,2.778,2.289,1.589,-0.071
10.200,,LENS,-2.375,2.304,1.967,1.407,-0.071
10.233,,LENS,-1.883,1.813,1.633,1.282,-0.071
10.267,,LENS,-1.405,1.335,1.308,1.086,-0.071
10.300,,LENS,-0.973,0.903,1.014,0.926,-0.071
10.333,,LENS,-0.613,0.543,0.769,0.785,-0.071
10.367,,LENS,-0.344,0.274,0.586,0.701,-0.071
10.400,,LENS,-0.172,0.102,0.469,0.588,-0.071
10.433,,LENS,-0.090,0.020,0.413,0.514,-0.071
10.467,,LENS,-0.071,0.000,0.400,0.475,-0.071
10.500,,LENS,-0.071,0.000,0.400,0.454,-0.071
10.533,,LENS,-0.071,0.000,0.400,0.520,-0.071
10.567,,LENS,-0.071,0.000,0.400,0.509,-0.071
10.600,,LENS,-0.071,0.000,0.400,0.571,-0.071
10.633,,LENS,-0.071,0.000,0.400,0.565,-0.071
10.667,,LENS,-0.071,0.000,0.400,0.531,-0.071
10.700,,LENS,-0.071,0.000,0.400,0.580,-0.071
10.733,,LENS,-0.071,0.000,0.400,0.570,-0.071
10.767,,LENS,-0.071,0.000,0.400,0.631,-0.071
10.800,,LENS,-0.071,0.000,0.400,0.631,-0.071
10.833,,LENS,-0.071,0.000,0.400,0.684,-0.071
10.867,,LENS,-0.071,0.000,0.400,0.668,-0.071
10.900,,LENS,-0.071,0.000,0.400,0.647,-0.071
10.933,,LENS,-0.071,0.000,0.400,0.630,-0.071
10.967,,LENS,-0.071,0.000,0.400,0.662,-0.071
11.000,,LENS,-0.071,0.000,0.400,0.674,-0.071
11.033,,LENS,-0.071,0.000,0.400,0.665,-0.071
11.067,,LENS,-0.071,0.000,0.400,0.691,-0.071
11.100,,LENS,-0.071,0.000,0.400,0.662,-0.071
11.133,,LENS,-0.071,0.000,0.400,0.641,-0.071
11.167,,LENS,-0.071,0.000,0.400,0.594,-0.071
11.200,,LENS,-0.071,0.000,0.400,0.552,-0.071
11.233,,LENS,-0.071,0.000,0.400,0.612,-0.071
11.267,,LENS,-0.071,0.000,0.400,0.580,-0.071
11.300,,LENS,-0.071,0.000,0.400,0.577,-0.071
11.333,,LENS,-0.071,0.000,0.400,0.604,-0.071
11.367,,LENS,-0.071,0.000,0.400,0.618,-0.071
11.400,,LENS,-0.071,0.000,0.400,0.645,-0.071
11.433,,LENS,-0.071,0.000,0.400,0.624,-0.071
11.467,,LENS,-0.071,0.000,0.400,0.642,-0.071
11.500,,LENS,-0.071,0.000,0.400,0.702,-0.071
11.533,,LENS,-0.071,0.000,0.400,0.656,-0.071
11.567,,LENS,-0.071,0.000,0.400,0.649,-0.071
11.600,,LENS,-0.071,0.000,0.400,0.646,-0.071
11.633,,LENS,-0.071,0.000,0.400,0.620,-0.071
11.667,,LENS,-0.071,0.000,0.400,0.648,-0.071
11.700,,LENS,-0.071,0.000,0.400,0.662,-0.071
11.733,,LENS,-0.071,0.000,0.400,0.660,-0.071
11.767,,LENS,-0.071,0.000,0.400,0.600,-0.071
11.800,,LENS,-0.071,0.000,0.400,0.583,-0.071
11.833,,LENS,-0.071,0.000,0.400,0.504,-0.071
11.867,,LENS,-0.071,0.000,0.400,0.518,-0.071
11.900,,LENS,-0.071,0.000,0.400,0.493,-0.071
11.933,,LENS,-0.071,0.000,0.400,0.532,-0.071
11.967,,LENS,-0.071,0.000,0.400,0.546,-0.071
12.000,,LENS,-0.071,0.000,0.400,0.519,-0.071
12.033,,LENS,-0.071,0.000,0.400,0.527,-0.071
12.067,,LENS,-0.071,0.000,0.400,0.509,-0.071
12.100,,LENS,-0.071,0.000,0.400,0.496,-0.071
12.133,,LENS,-0.071,0.000,0.400,0.453,-0.071
12.167,,LENS,-0.071,0.000,0.400,0.477,-0.071
12.200,,LENS,-0.071,0.000,0.400,0.557,-0.071
12.233,,LENS,-0.071,0.000,0.400,0.536,-0.071
12.267,,LENS,-0.071,0.000,0.400,0.562,-0.071
12.300,,LENS,-0.071,0.000,0.400,0.569,-0.071
12.333,,LENS,-0.071,0.000,0.400,0.571,-0.071
12.367,,LENS,-0.071,0.000,0.400,0.610,-0.071
12.400,,LENS,-0.071,0.000,0.400,0.586,-0.071
12.433,,LENS,-0.071,0.000,0.400,0.665,-0.071
12.467,,LENS,-0.071,0.000,0.400,0.654,-0.071
12.500,,LENS,-0.071,0.000,0.400,0.731,-0.071
12.533,,LENS,-0.071,0.000,0.400,0.734,-0.071
12.567,,LENS,-0.071,0.000,0.400,0.715,-0.071
12.600,,LENS,-0.071,0.000,0.400,0.694,-0.071
12.633,,LENS,-0.071,0.000,0.400,0.727,-0.071
12.667,,LENS,-0.071,0.000,0.400,0.752,-0.071
12.700,,LENS,-0.071,0.000,0.400,0.758,-0.071
12.733,,LENS,-0.071,0.000,0.400,0.755,-0.071
12.767,,LENS,-0.071,0.000,0.400,0.743,-0.071
12.800,,LENS,-0.071,0.000,0.400,0.641,-0.071
12.833,,LENS,-0.071,0.000,0.400,0.662,-0.071
12.867,,LENS,-0.071,0.000,0.400,0.647,-0.071
12.900,,LENS,-0.071,0.000,0.400,0.643,-0.071
12.933,,LENS,-0.071,0.000,0.400,0.619,-0.071
12.967,,LENS,-0.071,0.000,0.400,0.717,-0.071
13.000,,LENS,-0.071,0.000,0.400,0.682,-0.071
13.033,,LENS,-0.071,0.000,0.400,0.668,-0.071
13.067,,LENS,-0.071,0.000,0.400,0.706,-0.071
13.100,,LENS,-0.071,0.000,0.400,0.727,-0.071
13.133,,LENS,-0.071,0.000,0.400,0.720,-0.071
13.167,,LENS,-0.071,0.000,0.400,0.729,-0.071
13.200,,LENS,-0.071,0.000,0.400,0.695,-0.071
13.233,,LENS,-0.071,0.000,0.400,0.693,-0.071
13.267,,LENS,-0.071,0.000,0.400,0.666,-0.071
13.300,,LENS,-0.071,0.000,0.400,0.644,-0.071
13.333,,LENS,-0.071,0.000,0.400,0.634,-0.071
13.367,,LENS,-0.071,0.000,0.400,0.613,-0.071
13.400,,LENS,-0.071,0.000,0.400,0.550,-0.071
13.433,,LENS,-0.071,0.000,0.400,0.585,-0.071
13.467,,LENS,-0.071,0.000,0.400,0.591,-0.071
13.500,,LENS,-0.071,0.000,0.400,0.571,-0.071
13.533,,LENS,-0.071,0.000,0.400,0.587,-0.071
13.567,,LENS,-0.071,0.000,0.400,0.584,-0.071
13.600,,LENS,-0.071,0.000,0.400,0.635,-0.071
13.633,,LENS,-0.071,0.000,0.400,0.679,-0.071
13.667,,LENS,-0.071,0.000,0.400,0.725,-0.071
13.700,,LENS,-0.071,0.000,0.400,0.728,-0.071
13.733,,LENS,-0.071,0.000,0.400,0.734,-0.071
13.767,,LENS,-0.071,0.000,0.400,0.664,-0.071
13.800,,LENS,-0.071,0.000,0.400,0.633,-0.071
13.833,,LENS,-0.071,0.000,0.400,0.642,-0.071
13.867,,LENS,-0.071,0.000,0.400,0.640,-0.071
13.900,,LENS,-0.071,0.000,0.400,0.696,-0.071
13.933,,LENS,-0.071,0.000,0.400,0.703,-0.071
13.967,,LENS,-0.071,0.000,0.400,0.668,-0.071
14.000,,LENS,-0.071,0.000,0.400,0.703,-0.071
14.033,,LENS,-0.071,0.000,0.400,0.685,-0.071
14.067,,LENS,-0.071,0.000,0.400,0.676,-0.071
14.100,,LENS,-0.071,0.000,0.400,0.650,-0.071
14.133,,LENS,-0.071,0.000,0.400,0.682,-0.071
14.167,,LENS,-0.071,0.000,0.400,0.652,-0.071
14.200,,LENS,-0.071,0.000,0.400,0.678,-0.071
14.233,,LENS,-0.071,0.000,0.400,0.676,-0.071
14.267,,LENS,-0.071,0.000,0.400,0.702,-0.071
14.300,,LENS,-0.071,0.000,0.400,0.656,-0.071
14.333,,LENS,-0.071,0.000,0.400,0.600,-0.071
14.367,,LENS,-0.071,0.000,0.400,0.618,-0.071
14.400,,LENS,-0.071,0.000,0.400,0.632,-0.071
14.433,,LENS,-0.071,0.000,0.400,0.622,-0.071
14.467,,LENS,-0.071,0.000,0.400,0.635,-0.071
14.500,,LENS,-0.071,0.000,0.400,0.709,-0.071
14.533,,LENS,-0.071,0.000,0.400,0.700,-0.071
14.567,,LENS,-0.071,0.000,0.400,0.716,-0.071
14.600,,LENS,-0.071,0.000,0.400,0.626,-0.071
14.633,,LENS,-0.071,0.000,0.400,0.624,-0.071
14.667,,LENS,-0.071,0.000,0.400,0.635,-0.071
14.700,,LENS,-0.071,0.000,0.400,0.623,-0.071
14.733,,LENS,-0.071,0.000,0.400,0.614,-0.071
14.767,,LENS,-0.071,0.000,0.400,0.580,-0.071
14.800,,LENS,-0.071,0.000,0.400,0.646,-0.071
14.833,,LENS,-0.071,0.000,0.400,0.643,-0.071
14.867,,LENS,-0.071,0.000,0.400,0.577,-0.071
14.900,,LENS,-0.071,0.000,0.400,0.542,-0.071
14.933,,LENS,-0.071,0.000,0.400,0.545,-0.071
14.967,,LENS,-0.071,0.000,0.400,0.569,-0.071
15.000,sustained read,SECOND_DISPLAY,-0.071,0.000,0.400,0.583,-0.071
15.033,,SECOND_DISPLAY,-9.241,0.000,0.400,0.535,-9.241
15.067,,SECOND_DISPLAY,-23.346,-0.001,0.399,0.552,-23.347
15.100,,SECOND_DISPLAY,-23.602,-0.086,0.342,0.551,-23.688
15.133,,SECOND_DISPLAY,-23.262,-0.426,0.110,0.455,-23.688
15.167,,SECOND_DISPLAY,-22.576,-1.112,-0.356,0.281,-23.688
15.200,,SECOND_DISPLAY,-21.538,-2.149,-1.062,-0.053,-23.688
15.233,,SECOND_DISPLAY,-20.208,-3.480,-1.966,-0.422,-23.688
15.267,,SECOND_DISPLAY,-18.688,-5.000,-3.000,-0.906,-23.688
15.300,,SECOND_DISPLAY,-17.109,-6.579,-4.073,-1.408,-23.688
15.333,,SECOND_DISPLAY,-15.610,-8.078,-5.093,-1.908,-23.688
15.367,,SECOND_DISPLAY,-14.319,-9.369,-5.971,-2.279,-23.688
15.400,,SECOND_DISPLAY,-13.333,-10.355,-6.641,-2.545,-23.688
15.433,,SECOND_DISPLAY,-12.702,-10.986,-7.070,-2.806,-23.688
15.467,,SECOND_DISPLAY,-12.409,-11.279,-7.270,-2.919,-23.688
15.500,,SECOND_DISPLAY,-12.349,-11.338,-7.310,-2.948,-23.688
15.533,,SECOND_DISPLAY,-12.349,-11.338,-7.310,-2.977,-23.688
15.567,,SECOND_DISPLAY,-12.544,-11.144,-7.178,-2.950,-23.688
15.600,,SECOND_DISPLAY,-12.731,-10.957,-7.051,-2.864,-23.688
15.633,,SECOND_DISPLAY,-12.909,-10.779,-6.929,-2.769,-23.688
15.667,,SECOND_DISPLAY,-13.080,-10.607,-6.813,-2.728,-23.688
15.700,,SECOND_DISPLAY,-13.244,-10.444,-6.702,-2.676,-23.688
15.733,,SECOND_DISPLAY,-13.400,-10.287,-6.595,-2.579,-23.688
15.767,,SECOND_DISPLAY,-13.550,-10.138,-6.494,-2.431,-23.688
15.800,,SECOND_DISPLAY,-13.693,-9.995,-6.397,-2.424,-23.688
15.833,,SECOND_DISPLAY,-13.829,-9.859,-6.304,-2.354,-23.688
15.867,,SECOND_DISPLAY,-13.959,-9.729,-6.216,-2.278,-23.688
15.900,,SECOND_DISPLAY,-14.083,-9.605,-6.131,-2.221,-23.688
15.933,,SECOND_DISPLAY,-14.201,-9.487,-6.051,-2.224,-23.688
15.967,,SECOND_DISPLAY,-14.313,-9.374,-5.975,-2.225,-23.688
16.000,,SECOND_DISPLAY,-14.420,-9.268,-5.902,-2.163,-23.688
16.033,,SECOND_DISPLAY,-14.522,-9.166,-5.833,-2.130,-23.688
16.067,,SECOND_DISPLAY,-14.618,-9.070,-5.767,-2.091,-23.688
16.100,,SECOND_DISPLAY,-14.710,-8.978,-5.705,-2.029,-23.688
16.133,,SECOND_DISPLAY,-14.796,-8.892,-5.646,-1.979,-23.688
16.167,,SECOND_DISPLAY,-14.878,-8.810,-5.591,-1.938,-23.688
16.200,,SECOND_DISPLAY,-14.956,-8.732,-5.538,-1.945,-23.688
16.233,,SECOND_DISPLAY,-15.029,-8.659,-5.488,-1.972,-23.688
16.267,,SECOND_DISPLAY,-15.098,-8.590,-5.441,-1.963,-23.688
16.300,,SECOND_DISPLAY,-15.163,-8.525,-5.397,-1.934,-23.688
16.333,,SECOND_DISPLAY,-15.224,-8.464,-5.356,-1.906,-23.688
16.367,,SECOND_DISPLAY,-15.281,-8.407,-5.317,-1.910,-23.688
16.400,,SECOND_DISPLAY,-15.334,-8.353,-5.280,-1.887,-23.688
16.433,,SECOND_DISPLAY,-15.384,-8.303,-5.246,-1.800,-23.688
16.467,,SECOND_DISPLAY,-15.431,-8.257,-5.215,-1.803,-23.688
16.500,,SECOND_DISPLAY,-15.475,-8.213,-5.185,-1.778,-23.688
16.533,,SECOND_DISPLAY,-15.515,-8.173,-5.158,-1.744,-23.688
16.567,,SECOND_DISPLAY,-15.552,-8.136,-5.132,-1.702,-23.688
16.600,,SECOND_DISPLAY,-15.586,-8.101,-5.109,-1.731,-23.688
16.633,,SECOND_DISPLAY,-15.618,-8.070,-5.088,-1.692,-23.688
16.667,,SECOND_DISPLAY,-15.647,-8.041,-5.068,-1.732,-23.688
16.700,,SECOND_DISPLAY,-15.673,-8.015,-5.050,-1.732,-23.688
16.733,,SECOND_DISPLAY,-15.696,-7.991,-5.034,-1.722,-23.688
16.767,,SECOND_DISPLAY,-15.718,-7.970,-5.020,-1.759,-23.688
16.800,,SECOND_DISPLAY,-15.737,-7.951,-5.007,-1.774,-23.688
16.833,,SECOND_DISPLAY,-15.753,-7.935,-4.995,-1.707,-23.688
16.867,,SECOND_DISPLAY,-15.768,-7.920,-4.986,-1.740,-23.688
16.900,,SECOND_DISPLAY,-15.780,-7.908,-4.977,-1.723,-23.688
16.933,,SECOND_DISPLAY,-15.791,-7.897,-4.970,-1.747,-23.688
16.967,,SECOND_DISPLAY,-15.799,-7.889,-4.964,-1.804,-23.688
17.000,,SECOND_DISPLAY,-15.806,-7.882,-4.960,-1.805,-23.688
17.033,,SECOND_DISPLAY,-15.811,-7.877,-4.956,-1.798,-23.688
17.067,,SECOND_DISPLAY,-15.814,-7.874,-4.954,-1.843,-23.688
17.100,,SECOND_DISPLAY,-15.815,-7.872,-4.953,-1.803,-23.688
17.133,,SECOND_DISPLAY,-15.815,-7.872,-4.953,-1.782,-23.688
17.167,,SECOND_DISPLAY,-15.814,-7.874,-4.954,-1.733,-23.688
17.200,,SECOND_DISPLAY,-15.811,-7.877,-4.956,-1.767,-23.688
17.233,,SECOND_DISPLAY,-15.807,-7.881,-4.959,-1.827,-23.688
17.267,,SECOND_DISPLAY,-15.801,-7.887,-4.963,-1.792,-23.688
17.300,,SECOND_DISPLAY,-15.794,-7.894,-4.968,-1.794,-23.688
17.333,,SECOND_DISPLAY,-15.786,-7.902,-4.973,-1.821,-23.688
17.367,,SECOND_DISPLAY,-15.777,-7.911,-4.979,-1.895,-23.688
17.400,,SECOND_DISPLAY,-15.766,-7.921,-4.986,-1.890,-23.688
17.433,,SECOND_DISPLAY,-15.755,-7.933,-4.994,-1.927,-23.688
17.467,,SECOND_DISPLAY,-15.743,-7.945,-5.003,-1.946,-23.688
17.500,,SECOND_DISPLAY,-15.729,-7.958,-5.012,-1.977,-23.688
17.533,,SECOND_DISPLAY,-15.715,-7.973,-5.021,-1.997,-23.688
17.567,,SECOND_DISPLAY,-15.700,-7.988,-5.032,-2.033,-23.688
17.600,,SECOND_DISPLAY,-15.684,-8.004,-5.042,-2.032,-23.688
17.633,,SECOND_DISPLAY,-15.667,-8.020,-5.054,-2.086,-23.688
17.667,,SECOND_DISPLAY,-15.650,-8.038,-5.066,-2.061,-23.688
17.700,,SECOND_DISPLAY,-15.632,-8.056,-5.078,-2.112,-23.688
17.733,,SECOND_DISPLAY,-15.613,-8.075,-5.091,-2.052,-23.688
17.767,,SECOND_DISPLAY,-15.594,-8.094,-5.104,-2.003,-23.688
17.800,,SECOND_DISPLAY,-15.574,-8.114,-5.118,-2.003,-23.688
17.833,,SECOND_DISPLAY,-15.553,-8.135,-5.132,-2.095,-23.688
17.867,,SECOND_DISPLAY,-15.532,-8.156,-5.146,-2.134,-23.688
17.900,,SECOND_DISPLAY,-15.510,-8.177,-5.161,-2.134,-23.688
17.933,,SECOND_DISPLAY,-15.488,-8.200,-5.176,-2.171,-23.688
17.967,,SECOND_DISPLAY,-15.466,-8.222,-5.191,-2.144,-23.688
18.000,,SECOND_DISPLAY,-15.443,-8.245,-5.207,-2.148,-23.688
18.033,,SECOND_DISPLAY,-15.419,-8.268,-5.222,-2.128,-23.688
18.067,,SECOND_DISPLAY,-15.396,-8.292,-5.239,-2.095,-23.688
18.100,,SECOND_DISPLAY,-15.372,-8.316,-5.255,-2.158,-23.688
18.133,,SECOND_DISPLAY,-15.347,-8.340,-5.271,-2.149,-23.688
18.167,,SECOND_DISPLAY,-15.323,-8.365,-5.288,-2.097,-23.688
18.200,,SECOND_DISPLAY,-15.298,-8.390,-5.305,-2.143,-23.688
18.233,,SECOND_DISPLAY,-15.273,-8.415,-5.322,-2.099,-23.688
18.267,,SECOND_DISPLAY,-15.248,-8.440,-5.339,-2.036,-23.688
18.300,,SECOND_DISPLAY,-15.222,-8.466,-5.357,-2.076,-23.688
18.333,,SECOND_DISPLAY,-15.196,-8.492,-5.374,-2.027,-23.688
18.367,,SECOND_DISPLAY,-15.170,-8.517,-5.392,-2.057,-23.688
18.400,,SECOND_DISPLAY,-15.144,-8.543,-5.410,-2.056,-23.688
18.433,,SECOND_DISPLAY,-15.118,-8.570,-5.427,-2.036,-23.688
18.467,,SECOND_DISPLAY,-15.092,-8.596,-5.445,-2.011,-23.688
18.500,,SECOND_DISPLAY,-15.066,-8.622,-5.463,-1.936,-23.688
18.533,,SECOND_DISPLAY,-15.039,-8.649,-5.481,-1.939,-23.688
18.567,,SECOND_DISPLAY,-15.013,-8.675,-5.499,-1.940,-23.688
18.600,,SECOND_DISPLAY,-14.986,-8.702,-5.517,-1.980,-23.688
18.633,,SECOND_DISPLAY,-14.959,-8.728,-5.535,-1.997,-23.688
18.667,,SECOND_DISPLAY,-14.933,-8.755,-5.553,-2.004,-23.688
18.700,,SECOND_DISPLAY,-14.906,-8.782,-5.571,-2.059,-23.688
18.733,,SECOND_DISPLAY,-14.880,-8.808,-5.590,-2.079,-23.688
18.767,,SECOND_DISPLAY,-14.853,-8.835,-5.608,-2.029,-23.688
18.800,,SECOND_DISPLAY,-14.826,-8.861,-5.626,-2.022,-23.688
18.833,,SECOND_DISPLAY,-14.800,-8.888,-5.644,-1.995,-23.688
18.867,,SECOND_DISPLAY,-14.773,-8.915,-5.662,-2.010,-23.688
18.900,,SECOND_DISPLAY,-14.747,-8.941,-5.680,-2.011,-23.688
18.933,,SECOND_DISPLAY,-14.720,-8.967,-5.698,-1.992,-23.688
18.967,,SECOND_DISPLAY,-14.694,-8.994,-5.716,-2.022,-23.688
19.000,,SECOND_DISPLAY,-14.668,-9.020,-5.734,-1.954,-23.688
19.033,,SECOND_DISPLAY,-14.642,-9.046,-5.751,-1.949,-23.688
19.067,,SECOND_DISPLAY,-14.616,-9.072,-5.769,-1.917,-23.688
19.100,,SECOND_DISPLAY,-14.590,-9.098,-5.787,-1.983,-23.688
19.133,,SECOND_DISPLAY,-14.564,-9.124,-5.804,-1.953,-23.688
19.167,,SECOND_DISPLAY,-14.538,-9.150,-5.822,-1.993,-23.688
19.200,,SECOND_DISPLAY,-14.512,-9.175,-5.839,-1.928,-23.688
19.233,,SECOND_DISPLAY,-14.487,-9.201,-5.857,-1.980,-23.688
19.267,,SECOND_DISPLAY,-14.461,-9.226,-5.874,-2.024,-23.688
19.300,,SECOND_DISPLAY,-14.436,-9.252,-5.891,-2.041,-23.688
19.333,,SECOND_DISPLAY,-14.411,-9.277,-5.908,-2.070,-23.688
19.367,,SECOND_DISPLAY,-14.386,-9.302,-5.925,-2.041,-23.688
19.400,,SECOND_DISPLAY,-14.361,-9.326,-5.942,-2.057,-23.688
19.433,,SECOND_DISPLAY,-14.337,-9.351,-5.959,-2.085,-23.688
19.467,,SECOND_DISPLAY,-14.312,-9.375,-5.975,-2.103,-23.688
19.500,,SECOND_DISPLAY,-14.288,-9.400,-5.992,-2.096,-23.688
19.533,,SECOND_DISPLAY,-14.264,-9.424,-6.008,-2.062,-23.688
19.567,,SECOND_DISPLAY,-14.240,-9.448,-6.024,-2.051,-23.688
19.600,,SECOND_DISPLAY,-14.216,-9.472,-6.041,-2.023,-23.688
19.633,,SECOND_DISPLAY,-14.193,-9.495,-6.057,-2.035,-23.688
19.667,,SECOND_DISPLAY,-14.169,-9.519,-6.073,-2.075,-23.688
19.700,,SECOND_DISPLAY,-14.146,-9.542,-6.088,-2.108,-23.688
19.733,,SECOND_DISPLAY,-14.123,-9.565,-6.104,-2.150,-23.688
19.767,,SECOND_DISPLAY,-14.100,-9.588,-6.120,-2.162,-23.688
19.800,,SECOND_DISPLAY,-14.077,-9.610,-6.135,-2.151,-23.688
19.833,,SECOND_DISPLAY,-14.055,-9.633,-6.150,-2.132,-23.688
19.867,,SECOND_DISPLAY,-14.033,-9.655,-6.165,-2.154,-23.688
19.900,,SECOND_DISPLAY,-14.011,-9.677,-6.180,-2.141,-23.688
19.933,,SECOND_DISPLAY,-13.989,-9.699,-6.195,-2.105,-23.688
19.967,,SECOND_DISPLAY,-13.967,-9.721,-6.210,-2.143,-23.688
20.000,,SECOND_DISPLAY,-13.946,-9.742,-6.225,-2.142,-23.688
20.033,,SECOND_DISPLAY,-13.924,-9.763,-6.239,-2.158,-23.688
20.067,,SECOND_DISPLAY,-13.903,-9.784,-6.253,-2.151,-23.688
20.100,,SECOND_DISPLAY,-13.882,-9.805,-6.268,-2.166,-23.688
20.133,,SECOND_DISPLAY,-13.862,-9.826,-6.282,-2.183,-23.688
20.167,,SECOND_DISPLAY,-13.841,-9.846,-6.296,-2.151,-23.688
20.200,,SECOND_DISPLAY,-13.821,-9.867,-6.309,-2.122,-23.688
20.233,,SECOND_DISPLAY,-13.801,-9.887,-6.323,-2.142,-23.688
20.267,,SECOND_DISPLAY,-13.781,-9.907,-6.337,-2.148,-23.688
20.300,,SECOND_DISPLAY,-13.761,-9.926,-6.350,-2.131,-23.688
20.333,,SECOND_DISPLAY,-13.742,-9.946,-6.363,-2.158,-23.688
20.367,,SECOND_DISPLAY,-13.723,-9.965,-6.376,-2.167,-23.688
20.400,,SECOND_DISPLAY,-13.704,-9.984,-6.389,-2.200,-23.688
20.433,,SECOND_DISPLAY,-13.685,-10.003,-6.402,-2.179,-23.688
20.467,,SECOND_DISPLAY,-13.666,-10.021,-6.415,-2.150,-23.688
20.500,,SECOND_DISPLAY,-13.648,-10.040,-6.427,-2.197,-23.688
20.533,,SECOND_DISPLAY,-13.630,-10.058,-6.440,-2.186,-23.688
20.567,,SECOND_DISPLAY,-13.612,-10.076,-6.452,-2.194,-23.688
20.600,,SECOND_DISPLAY,-13.594,-10.094,-6.464,-2.155,-23.688
20.633,,SECOND_DISPLAY,-13.576,-10.112,-6.476,-2.156,-23.688
20.667,,SECOND_DISPLAY,-13.559,-10.129,-6.488,-2.148,-23.688
20.700,,SECOND_DISPLAY,-13.542,-10.146,-6.499,-2.150,-23.688
20.733,,SECOND_DISPLAY,-13.525,-10.163,-6.511,-2.151,-23.688
20.767,,SECOND_DISPLAY,-13.508,-10.180,-6.522,-2.162,-23.688
20.800,,SECOND_DISPLAY,-13.491,-10.197,-6.534,-2.128,-23.688
20.833,,SECOND_DISPLAY,-13.475,-10.213,-6.545,-2.109,-23.688
20.867,,SECOND_DISPLAY,-13.458,-10.229,-6.556,-2.123,-23.688
20.900,,SECOND_DISPLAY,-13.442,-10.245,-6.567,-2.214,-23.688
20.933,,SECOND_DISPLAY,-13.427,-10.261,-6.578,-2.188,-23.688
20.967,,SECOND_DISPLAY,-13.411,-10.277,-6.588,-2.194,-23.688
21.000,,SECOND_DISPLAY,-13.395,-10.292,-6.599,-2.187,-23.688
21.033,,SECOND_DISPLAY,-13.380,-10.308,-6.609,-2.222,-23.688
21.067,,SECOND_DISPLAY,-13.365,-10.323,-6.619,-2.219,-23.688
21.100,,SECOND_DISPLAY,-13.350,-10.338,-6.630,-2.214,-23.688
21.133,,SECOND_DISPLAY,-13.335,-10.352,-6.640,-2.228,-23.688
21.167,,SECOND_DISPLAY,-13.321,-10.367,-6.649,-2.259,-23.688
21.200,,SECOND_DISPLAY,-13.307,-10.381,-6.659,-2.229,-23.688
21.233,,SECOND_DISPLAY,-13.292,-10.395,-6.669,-2.228,-23.688
21.267,,SECOND_DISPLAY,-13.278,-10.409,-6.678,-2.254,-23.688
21.300,,SECOND_DISPLAY,-13.265,-10.423,-6.688,-2.263,-23.688
21.333,,SECOND_DISPLAY,-13.251,-10.437,-6.697,-2.291,-23.688
21.367,,SECOND_DISPLAY,-13.238,-10.450,-6.706,-2.283,-23.688
21.400,,SECOND_DISPLAY,-13.224,-10.463,-6.715,-2.358,-23.688
21.433,,SECOND_DISPLAY,-13.211,-10.477,-6.724,-2.445,-23.688
21.467,,SECOND_DISPLAY,-13.198,-10.489,-6.733,-2.461,-23.688
21.500,,SECOND_DISPLAY,-13.185,-10.502,-6.742,-2.464,-23.688
21.533,,SECOND_DISPLAY,-13.173,-10.515,-6.750,-2.443,-23.688
21.567,,SECOND_DISPLAY,-13.160,-10.527,-6.759,-2.469,-23.688
21.600,,SECOND_DISPLAY,-13.148,-10.540,-6.767,-2.501,-23.688
21.633,,SECOND_DISPLAY,-13.136,-10.552,-6.775,-2.486,-23.688
21.667,,SECOND_DISPLAY,-13.124,-10.564,-6.783,-2.505,-23.688
21.700,,SECOND_DISPLAY,-13.112,-10.575,-6.791,-2.491,-23.688
21.733,,SECOND_DISPLAY,-13.101,-10.587,-6.799,-2.482,-23.688
21.767,,SECOND_DISPLAY,-13.089,-10.598,-6.807,-2.488,-23.688
21.800,,SECOND_DISPLAY,-13.078,-10.610,-6.815,-2.464,-23.688
21.833,,SECOND_DISPLAY,-13.067,-10.621,-6.822,-2.404,-23.688
21.867,,SECOND_DISPLAY,-13.056,-10.632,-6.830,-2.444,-23.688
21.900,,SECOND_DISPLAY,-13.045,-10.643,-6.837,-2.439,-23.688
21.933,,SECOND_DISPLAY,-13.034,-10.653,-6.844,-2.419,-23.688
21.967,,SECOND_DISPLAY,-13.024,-10.664,-6.852,-2.490,-23.688
22.000,,SECOND_DISPLAY,-13.013,-10.674,-6.859,-2.545,-23.688
22.033,,SECOND_DISPLAY,-13.003,-10.685,-6.866,-2.572,-23.688
22.067,,SECOND_DISPLAY,-12.993,-10.695,-6.872,-2.577,-23.688
22.100,,SECOND_DISPLAY,-12.983,-10.705,-6.879,-2.567,-23.688
22.133,,SECOND_DISPLAY,-12.973,-10.715,-6.886,-2.598,-23.688
22.167,,SECOND_DISPLAY,-12.963,-10.724,-6.893,-2.540,-23.688
22.200,,SECOND_DISPLAY,-12.954,-10.734,-6.899,-2.552,-23.688
22.233,,SECOND_DISPLAY,-12.944,-10.743,-6.905,-2.539,-23.688
22.267,,SECOND_DISPLAY,-12.935,-10.753,-6.912,-2.562,-23.688
22.300,,SECOND_DISPLAY,-12.926,-10.762,-6.918,-2.501,-23.688
22.333,,SECOND_DISPLAY,-12.917,-10.771,-6.924,-2.534,-23.688
22.367,,SECOND_DISPLAY,-12.908,-10.780,-6.930,-2.551,-23.688
22.400,,SECOND_DISPLAY,-12.899,-10.789,-6.936,-2.588,-23.688
22.433,,SECOND_DISPLAY,-12.891,-10.797,-6.942,-2.575,-23.688
22.467,,SECOND_DISPLAY,-12.882,-10.806,-6.948,-2.595,-23.688
22.500,,SECOND_DISPLAY,-12.874,-10.814,-6.954,-2.571,-23.688
22.533,,SECOND_DISPLAY,-12.865,-10.822,-6.959,-2.573,-23.688
22.567,,SECOND_DISPLAY,-12.857,-10.831,-6.965,-2.537,-23.688
22.600,,SECOND_DISPLAY,-12.849,-10.839,-6.970,-2.497,-23.688
22.633,,SECOND_DISPLAY,-12.841,-10.846,-6.976,-2.448,-23.688
22.667,,SECOND_DISPLAY,-12.833,-10.854,-6.981,-2.453,-23.688
22.700,,SECOND_DISPLAY,-12.826,-10.862,-6.986,-2.467,-23.688
22.733,,SECOND_DISPLAY,-12.818,-10.870,-6.991,-2.501,-23.688
22.767,,SECOND_DISPLAY,-12.811,-10.877,-6.996,-2.558,-23.688
22.800,,SECOND_DISPLAY,-12.803,-10.884,-7.001,-2.606,-23.688
22.833,,SECOND_DISPLAY,-12.796,-10.892,-7.006,-2.625,-23.688
22.867,,SECOND_DISPLAY,-12.789,-10.899,-7.011,-2.612,-23.688
22.900,,SECOND_DISPLAY,-12.782,-10.906,-7.016,-2.639,-23.688
22.933,,SECOND_DISPLAY,-12.775,-10.913,-7.021,-2.605,-23.688
22.967,,SECOND_DISPLAY,-12.768,-10.920,-7.025,-2.705,-23.688
23.000,,SECOND_DISPLAY,-12.761,-10.926,-7.030,-2.679,-23.688
23.033,,SECOND_DISPLAY,-12.755,-10.933,-7.034,-2.620,-23.688
23.067,,SECOND_DISPLAY,-12.748,-10.939,-7.039,-2.587,-23.688
23.100,,SECOND_DISPLAY,-12.742,-10.946,-7.043,-2.621,-23.688
23.133,,SECOND_DISPLAY,-12.736,-10.952,-7.047,-2.638,-23.688
23.167,,SECOND_DISPLAY,-12.729,-10.958,-7.052,-2.656,-23.688
23.200,,SECOND_DISPLAY,-12.723,-10.965,-7.056,-2.617,-23.688
23.233,,SECOND_DISPLAY,-12.717,-10.971,-7.060,-2.669,-23.688
23.267,,SECOND_DISPLAY,-12.711,-10.977,-7.064,-2.671,-23.688
23.300,,SECOND_DISPLAY,-12.705,-10.982,-7.068,-2.664,-23.688
23.333,,SECOND_DISPLAY,-12.700,-10.988,-7.072,-2.684,-23.688
23.367,,SECOND_DISPLAY,-12.694,-10.994,-7.076,-2.675,-23.688
23.400,,SECOND_DISPLAY,-12.688,-10.999,-7.080,-2.666,-23.688
23.433,,SECOND_DISPLAY,-12.683,-11.005,-7.083,-2.733,-23.688
23.467,,SECOND_DISPLAY,-12.677,-11.010,-7.087,-2.715,-23.688
23.500,,SECOND_DISPLAY,-12.672,-11.016,-7.091,-2.683,-23.688
23.533,,SECOND_DISPLAY,-12.667,-11.021,-7.094,-2.707,-23.688
23.567,,SECOND_DISPLAY,-12.662,-11.026,-7.098,-2.739,-23.688
23.600,,SECOND_DISPLAY,-12.656,-11.031,-7.101,-2.699,-23.688
23.633,,SECOND_DISPLAY,-12.651,-11.036,-7.105,-2.695,-23.688
23.667,,SECOND_DISPLAY,-12.646,-11.041,-7.108,-2.692,-23.688
23.700,,SECOND_DISPLAY,-12.642,-11.046,-7.111,-2.725,-23.688
23.733,,SECOND_DISPLAY,-12.637,-11.051,-7.115,-2.687,-23.688
23.767,,SECOND_DISPLAY,-12.632,-11.056,-7.118,-2.663,-23.688
23.800,,SECOND_DISPLAY,-12.627,-11.060,-7.121,-2.663,-23.688
23.833,,SECOND_DISPLAY,-12.623,-11.065,-7.124,-2.722,-23.688
23.867,,SECOND_DISPLAY,-12.618,-11.069,-7.127,-2.764,-23.688
23.900,,SECOND_DISPLAY,-12.614,-11.074,-7.130,-2.760,-23.688
23.933,,SECOND_DISPLAY,-12.610,-11.078,-7.133,-2.811,-23.688
23.967,,SECOND_DISPLAY,-12.605,-11.082,-7.136,-2.796,-23.688
24.000,,MAIN_DISPLAY,-12.601,-11.087,-7.139,-2.799,-23.688
24.033,,MAIN_DISPLAY,-3.429,-11.087,-7.139,-2.776,-14.515
24.067,,MAIN_DISPLAY,10.760,-11.074,-7.130,-2.771,-0.314
24.100,,MAIN_DISPLAY,10.978,-10.934,-7.035,-2.779,0.044
24.133,,MAIN_DISPLAY,10.597,-10.553,-6.776,-2.685,0.044
24.167,,MAIN_DISPLAY,9.926,-9.882,-6.320,-2.477,0.044
24.200,,MAIN_DISPLAY,8.970,-8.926,-5.670,-2.171,0.044
24.233,,MAIN_DISPLAY,7.778,-7.733,-4.858,-1.809,0.044
24.267,,MAIN_DISPLAY,6.426,-6.381,-3.939,-1.360,0.044
24.300,,MAIN_DISPLAY,5.013,-4.968,-2.978,-0.884,0.044
24.333,,MAIN_DISPLAY,3.642,-3.597,-2.046,-0.450,0.044
24.367,,MAIN_DISPLAY,2.412,-2.368,-1.210,-0.036,0.044
24.400,,MAIN_DISPLAY,1.407,-1.363,-0.527,0.333,0.044
24.433,,MAIN_DISPLAY,0.681,-0.637,-0.033,0.635,0.044
24.467,,MAIN_DISPLAY,0.248,-0.203,0.262,0.785,0.044
24.500,,MAIN_DISPLAY,0.070,-0.025,0.383,0.887,0.044
24.533,,MAIN_DISPLAY,0.044,0.000,0.400,0.845,0.044
24.567,,MAIN_DISPLAY,0.044,0.000,0.400,0.898,0.044
24.600,,MAIN_DISPLAY,0.044,0.000,0.400,0.867,0.044
24.633,,MAIN_DISPLAY,0.044,0.000,0.400,0.900,0.044
24.667,,MAIN_DISPLAY,0.044,0.000,0.400,0.932,0.044
24.700,,MAIN_DISPLAY,0.044,0.000,0.400,0.963,0.044
24.733,,MAIN_DISPLAY,0.044,0.000,0.400,0.930,0.044
24.767,,MAIN_DISPLAY,0.044,0.000,0.400,0.932,0.044
24.800,,MAIN_DISPLAY,0.044,0.000,0.400,0.928,0.044
24.833,,MAIN_DISPLAY,0.044,0.000,0.400,0.894,0.044
24.867,,MAIN_DISPLAY,0.044,0.000,0.400,0.818,0.044
24.900,,MAIN_DISPLAY,0.044,0.000,0.400,0.827,0.044
24.933,,MAIN_DISPLAY,0.044,0.000,0.400,0.816,0.044
24.967,,MAIN_DISPLAY,0.044,0.000,0.400,0.737,0.044
25.000,,MAIN_DISPLAY,0.044,0.000,0.400,0.724,0.044
25.033,,MAIN_DISPLAY,0.044,0.000,0.400,0.765,0.044
25.067,,MAIN_DISPLAY,0.044,0.000,0.400,0.770,0.044
25.100,,MAIN_DISPLAY,0.044,0.000,0.400,0.769,0.044
25.133,,MAIN_DISPLAY,0.044,0.000,0.400,0.752,0.044
25.167,,MAIN_DISPLAY,0.044,0.000,0.400,0.723,0.044
25.200,,MAIN_DISPLAY,0.044,0.000,0.400,0.683,0.044
25.233,,MAIN_DISPLAY,0.044,0.000,0.400,0.686,0.044
25.267,,MAIN_DISPLAY,0.044,0.000,0.400,0.709,0.044
25.300,,MAIN_DISPLAY,0.044,0.000,0.400,0.766,0.044
25.333,,MAIN_DISPLAY,0.044,0.000,0.400,0.783,0.044
25.367,,MAIN_DISPLAY,0.044,0.000,0.400,0.743,0.044
25.400,,MAIN_DISPLAY,0.044,0.000,0.400,0.744,0.044
25.433,,MAIN_DISPLAY,0.044,0.000,0.400,0.763,0.044
25.467,,MAIN_DISPLAY,0.044,0.000,0.400,0.801,0.044
25.500,,MAIN_DISPLAY,0.044,0.000,0.400,0.752,0.044
25.533,,MAIN_DISPLAY,0.044,0.000,0.400,0.779,0.044
25.567,,MAIN_DISPLAY,0.044,0.000,0.400,0.778,0.044
25.600,,MAIN_DISPLAY,0.044,0.000,0.400,0.730,0.044
25.633,,MAIN_DISPLAY,0.044,0.000,0.400,0.716,0.044
25.667,,MAIN_DISPLAY,0.044,0.000,0.400,0.715,0.044
25.700,,MAIN_DISPLAY,0.044,0.000,0.400,0.670,0.044
25.733,,MAIN_DISPLAY,0.044,0.000,0.400,0.708,0.044
25.767,,MAIN_DISPLAY,0.044,0.000,0.400,0.731,0.044
25.800,,MAIN_DISPLAY,0.044,0.000,0.400,0.780,0.044
25.833,,MAIN_DISPLAY,0.044,0.000,0.400,0.797,0.044
25.867,,MAIN_DISPLAY,0.044,0.000,0.400,0.790,0.044
25.900,,MAIN_DISPLAY,0.044,0.000,0.400,0.793,0.044
25.933,,MAIN_DISPLAY,0.044,0.000,0.400,0.817,0.044
25.967,,MAIN_DISPLAY,0.044,0.000,0.400,0.814,0.044
26.000,return to camera,LENS,0.044,0.000,0.400,0.752,0.044
26.033,,LENS,-0.002,0.000,0.400,0.806,-0.002
26.067,,LENS,-0.066,0.000,0.400,0.795,-0.066
26.100,,LENS,-0.067,0.000,0.400,0.820,-0.067
26.133,,LENS,-0.067,0.000,0.400,0.842,-0.067
26.167,,LENS,-0.067,0.000,0.400,0.853,-0.067
26.200,,LENS,-0.067,0.000,0.400,0.838,-0.067
26.233,,LENS,-0.067,0.000,0.400,0.881,-0.067
26.267,,LENS,-0.067,0.000,0.400,0.868,-0.067
26.300,,LENS,-0.067,0.000,0.400,0.844,-0.067
26.333,,LENS,-0.067,0.000,0.400,0.846,-0.067
26.367,,LENS,-0.067,0.000,0.400,0.860,-0.067
26.400,,LENS,-0.067,0.000,0.400,0.879,-0.067
26.433,,LENS,-0.067,0.000,0.400,0.851,-0.067
26.467,,LENS,-0.067,0.000,0.400,0.841,-0.067
26.500,,LENS,-0.067,0.000,0.400,0.827,-0.067
26.533,,LENS,-0.067,0.000,0.400,0.853,-0.067
26.567,,LENS,-0.067,0.000,0.400,0.830,-0.067
26.600,,LENS,-0.067,0.000,0.400,0.856,-0.067
26.633,,LENS,-0.067,0.000,0.400,0.876,-0.067
26.667,,LENS,-0.067,0.000,0.400,0.855,-0.067
26.700,,LENS,-0.067,0.000,0.400,0.786,-0.067
26.733,,LENS,-0.067,0.000,0.400,0.788,-0.067
26.767,,LENS,-0.067,0.000,0.400,0.782,-0.067
26.800,,LENS,-0.067,0.000,0.400,0.837,-0.067
26.833,,LENS,-0.067,0.000,0.400,0.838,-0.067
26.867,,LENS,-0.067,0.000,0.400,0.829,-0.067
26.900,,LENS,-0.067,0.000,0.400,0.856,-0.067
26.933,,LENS,-0.067,0.000,0.400,0.837,-0.067
26.967,,LENS,-0.067,0.000,0.400,0.798,-0.067
27.000,,LENS,-0.067,0.000,0.400,0.802,-0.067
27.033,,LENS,-0.067,0.000,0.400,0.806,-0.067
27.067,,LENS,-0.067,0.000,0.400,0.817,-0.067
27.100,,LENS,-0.067,0.000,0.400,0.794,-0.067
27.133,,LENS,-0.067,0.000,0.400,0.789,-0.067
27.167,,LENS,-0.067,0.000,0.400,0.736,-0.067
27.200,,LENS,-0.067,0.000,0.400,0.703,-0.067
27.233,,LENS,-0.067,0.000,0.400,0.736,-0.067
27.267,,LENS,-0.067,0.000,0.400,0.737,-0.067
27.300,,LENS,-0.067,0.000,0.400,0.713,-0.067
27.333,,LENS,-0.067,0.000,0.400,0.658,-0.067
27.367,,LENS,-0.067,0.000,0.400,0.669,-0.067
27.400,,LENS,-0.067,0.000,0.400,0.732,-0.067
27.433,,LENS,-0.067,0.000,0.400,0.721,-0.067
27.467,,LENS,-0.067,0.000,0.400,0.707,-0.067
27.500,,LENS,-0.067,0.000,0.400,0.698,-0.067
27.533,,LENS,-0.067,0.000,0.400,0.706,-0.067
27.567,,LENS,-0.067,0.000,0.400,0.762,-0.067
27.600,,LENS,-0.067,0.000,0.400,0.746,-0.067
27.633,,LENS,-0.067,0.000,0.400,0.709,-0.067
27.667,,LENS,-0.067,0.000,0.400,0.716,-0.067
27.700,,LENS,-0.067,0.000,0.400,0.724,-0.067
27.733,,LENS,-0.067,0.000,0.400,0.746,-0.067
27.767,,LENS,-0.067,0.000,0.400,0.712,-0.067
27.800,,LENS,-0.067,0.000,0.400,0.750,-0.067
27.833,,LENS,-0.067,0.000,0.400,0.694,-0.067
27.867,,LENS,-0.067,0.000,0.400,0.696,-0.067
27.900,,LENS,-0.067,0.000,0.400,0.656,-0.067
27.933,,LENS,-0.067,0.000,0.400,0.654,-0.067
27.967,,LENS,-0.067,0.000,0.400,0.695,-0.067
28.000,,LENS,-0.067,0.000,0.400,0.669,-0.067
28.033,,LENS,-0.067,0.000,0.400,0.688,-0.067
28.067,,LENS,-0.067,0.000,0.400,0.691,-0.067
28.100,,LENS,-0.067,0.000,0.400,0.706,-0.067
28.133,,LENS,-0.067,0.000,0.400,0.737,-0.067
28.167,,LENS,-0.067,0.000,0.400,0.775,-0.067
28.200,,LENS,-0.067,0.000,0.400,0.820,-0.067
28.233,,LENS,-0.067,0.000,0.400,0.803,-0.067
28.267,,LENS,-0.067,0.000,0.400,0.775,-0.067
28.300,,LENS,-0.067,0.000,0.400,0.779,-0.067
28.333,,LENS,-0.067,0.000,0.400,0.762,-0.067
28.367,,LENS,-0.067,0.000,0.400,0.779,-0.067
28.400,,LENS,-0.067,0.000,0.400,0.765,-0.067
28.433,,LENS,-0.067,0.000,0.400,0.743,-0.067
28.467,,LENS,-0.067,0.000,0.400,0.711,-0.067
28.500,,LENS,-0.067,0.000,0.400,0.712,-0.067
28.533,,LENS,-0.067,0.000,0.400,0.710,-0.067
28.567,,LENS,-0.067,0.000,0.400,0.747,-0.067
28.600,,LENS,-0.067,0.000,0.400,0.724,-0.067
28.633,,LENS,-0.067,0.000,0.400,0.709,-0.067
28.667,,LENS,-0.067,0.000,0.400,0.676,-0.067
28.700,,LENS,-0.067,0.000,0.400,0.673,-0.067
28.733,,LENS,-0.067,0.000,0.400,0.678,-0.067
28.767,,LENS,-0.067,0.000,0.400,0.738,-0.067
28.800,,LENS,-0.067,0.000,0.400,0.713,-0.067
28.833,,LENS,-0.067,0.000,0.400,0.731,-0.067
28.867,,LENS,-0.067,0.000,0.400,0.720,-0.067
28.900,,LENS,-0.067,0.000,0.400,0.696,-0.067
28.933,,LENS,-0.067,0.000,0.400,0.722,-0.067
28.967,,LENS,-0.067,0.000,0.400,0.746,-0.067
29.000,,LENS,-0.067,0.000,0.400,0.667,-0.067
29.033,,LENS,-0.067,0.000,0.400,0.705,-0.067
29.067,,LENS,-0.067,0.000,0.400,0.646,-0.067
29.100,,LENS,-0.067,0.000,0.400,0.684,-0.067
29.133,,LENS,-0.067,0.000,0.400,0.661,-0.067
29.167,,LENS,-0.067,0.000,0.400,0.605,-0.067
29.200,,LENS,-0.067,0.000,0.400,0.573,-0.067
29.233,,LENS,-0.067,0.000,0.400,0.584,-0.067
29.267,,LENS,-0.067,0.000,0.400,0.575,-0.067
29.300,,LENS,-0.067,0.000,0.400,0.576,-0.067
29.333,,LENS,-0.067,0.000,0.400,0.611,-0.067
29.367,,LENS,-0.067,0.000,0.400,0.596,-0.067
29.400,,LENS,-0.067,0.000,0.400,0.571,-0.067
29.433,,LENS,-0.067,0.000,0.400,0.541,-0.067
29.467,,LENS,-0.067,0.000,0.400,0.552,-0.067
29.500,,LENS,-0.067,0.000,0.400,0.542,-0.067
29.533,,LENS,-0.067,0.000,0.400,0.547,-0.067
29.567,,LENS,-0.067,0.000,0.400,0.519,-0.067
29.600,,LENS,-0.067,0.000,0.400,0.496,-0.067
29.633,,LENS,-0.067,0.000,0.400,0.535,-0.067
29.667,,LENS,-0.067,0.000,0.400,0.545,-0.067
29.700,,LENS,-0.067,0.000,0.400,0.530,-0.067
29.733,,LENS,-0.067,0.000,0.400,0.538,-0.067
29.767,,LENS,-0.067,0.000,0.400,0.543,-0.067
29.800,,LENS,-0.067,0.000,0.400,0.523,-0.067
29.833,,LENS,-0.067,0.000,0.400,0.530,-0.067
29.867,,LENS,-0.067,0.000,0.400,0.502,-0.067
29.900,,LENS,-0.067,0.000,0.400,0.473,-0.067
29.933,,LENS,-0.067,0.000,0.400,0.456,-0.067
29.967,,LENS,-0.067,0.000,0.400,0.407,-0.067
30.000,,LENS,-0.067,0.000,0.400,0.322,-0.067
30.033,,LENS,-0.067,0.000,0.400,0.340,-0.067
30.067,,LENS,-0.067,0.000,0.400,0.334,-0.067
30.100,,LENS,-0.067,0.000,0.400,0.351,-0.067
30.133,,LENS,-0.067,0.000,0.400,0.329,-0.067
30.167,,LENS,-0.067,0.000,0.400,0.343,-0.067
30.200,,LENS,-0.067,0.000,0.400,0.359,-0.067
30.233,,LENS,-0.067,0.000,0.400,0.396,-0.067
30.267,,LENS,-0.067,0.000,0.400,0.373,-0.067
30.300,,LENS,-0.067,0.000,0.400,0.337,-0.067
30.333,,LENS,-0.067,0.000,0.400,0.363,-0.067
30.367,,LENS,-0.067,0.000,0.400,0.408,-0.067
30.400,,LENS,-0.067,0.000,0.400,0.477,-0.067
30.433,,LENS,-0.067,0.000,0.400,0.452,-0.067
30.467,,LENS,-0.067,0.000,0.400,0.440,-0.067
30.500,,LENS,-0.067,0.000,0.400,0.413,-0.067
30.533,,LENS,-0.067,0.000,0.400,0.352,-0.067
30.567,,LENS,-0.067,0.000,0.400,0.356,-0.067
30.600,,LENS,-0.067,0.000,0.400,0.353,-0.067
30.633,,LENS,-0.067,0.000,0.400,0.337,-0.067
30.667,,LENS,-0.067,0.000,0.400,0.365,-0.067
30.700,,LENS,-0.067,0.000,0.400,0.376,-0.067
30.733,,LENS,-0.067,0.000,0.400,0.347,-0.067
30.767,,LENS,-0.067,0.000,0.400,0.374,-0.067
30.800,,LENS,-0.067,0.000,0.400,0.475,-0.067
30.833,,LENS,-0.067,0.000,0.400,0.536,-0.067
30.867,,LENS,-0.067,0.000,0.400,0.515,-0.067
30.900,,LENS,-0.067,0.000,0.400,0.526,-0.067
30.933,,LENS,-0.067,0.000,0.400,0.532,-0.067
30.967,,LENS,-0.067,0.000,0.400,0.488,-0.067
31.000,,LENS,-0.067,0.000,0.400,0.502,-0.067
31.033,,LENS,-0.067,0.000,0.400,0.491,-0.067
31.067,,LENS,-0.067,0.000,0.400,0.500,-0.067
31.100,,LENS,-0.067,0.000,0.400,0.549,-0.067
31.133,,LENS,-0.067,0.000,0.400,0.505,-0.067
31.167,,LENS,-0.067,0.000,0.400,0.565,-0.067
31.200,,LENS,-0.067,0.000,0.400,0.587,-0.067
31.233,,LENS,-0.067,0.000,0.400,0.621,-0.067
31.267,,LENS,-0.067,0.000,0.400,0.655,-0.067
31.300,,LENS,-0.067,0.000,0.400,0.669,-0.067
31.333,,LENS,-0.067,0.000,0.400,0.683,-0.067
31.367,,LENS,-0.067,0.000,0.400,0.692,-0.067
31.400,,LENS,-0.067,0.000,0.400,0.715,-0.067
31.433,,LENS,-0.067,0.000,0.400,0.682,-0.067
31.467,,LENS,-0.067,0.000,0.400,0.659,-0.067
31.500,,LENS,-0.067,0.000,0.400,0.644,-0.067
31.533,,LENS,-0.067,0.000,0.400,0.617,-0.067
31.567,,LENS,-0.067,0.000,0.400,0.611,-0.067
31.600,,LENS,-0.067,0.000,0.400,0.634,-0.067
31.633,,LENS,-0.067,0.000,0.400,0.662,-0.067
31.667,,LENS,-0.067,0.000,0.400,0.692,-0.067
31.700,,LENS,-0.067,0.000,0.400,0.719,-0.067
31.733,,LENS,-0.067,0.000,0.400,0.669,-0.067
31.767,,LENS,-0.067,0.000,0.400,0.679,-0.067
31.800,,LENS,-0.067,0.000,0.400,0.675,-0.067
31.833,,LENS,-0.067,0.000,0.400,0.687,-0.067
31.867,,LENS,-0.067,0.000,0.400,0.698,-0.067
31.900,,LENS,-0.067,0.000,0.400,0.740,-0.067
31.933,,LENS,-0.067,0.000,0.400,0.713,-0.067
31.967,,LENS,-0.067,0.000,0.400,0.694,-0.067
32.000,,MAIN_DISPLAY,-0.067,0.000,0.400,0.674,-0.067
32.033,,MAIN_DISPLAY,-1.646,0.000,0.400,0.669,-1.646
32.067,,MAIN_DISPLAY,-3.844,0.000,0.400,0.700,-3.844
32.100,,MAIN_DISPLAY,-3.869,0.000,0.400,0.720,-3.869
32.133,,MAIN_DISPLAY,-3.869,0.000,0.400,0.704,-3.869
32.167,,MAIN_DISPLAY,-3.869,0.000,0.400,0.711,-3.869
32.200,,MAIN_DISPLAY,-3.869,0.000,0.400,0.730,-3.869
32.233,,MAIN_DISPLAY,-3.869,0.000,0.400,0.727,-3.869
32.267,,MAIN_DISPLAY,-3.869,0.000,0.400,0.749,-3.869
32.300,,MAIN_DISPLAY,-3.869,0.000,0.400,0.738,-3.869
32.333,,MAIN_DISPLAY,-3.869,0.000,0.400,0.722,-3.869
32.367,,MAIN_DISPLAY,-3.869,0.000,0.400,0.796,-3.869
32.400,,MAIN_DISPLAY,-3.869,0.000,0.400,0.845,-3.869
32.433,,MAIN_DISPLAY,-3.869,0.000,0.400,0.813,-3.869
32.467,,MAIN_DISPLAY,-3.869,0.000,0.400,0.838,-3.869
32.500,,MAIN_DISPLAY,-3.869,0.000,0.400,0.854,-3.869
32.533,,MAIN_DISPLAY,-3.869,0.000,0.400,0.881,-3.869
32.567,,MAIN_DISPLAY,-3.869,0.000,0.400,0.882,-3.869
32.600,,MAIN_DISPLAY,-3.869,0.000,0.400,0.797,-3.869
32.633,,MAIN_DISPLAY,-3.869,0.000,0.400,0.801,-3.869
32.667,,MAIN_DISPLAY,-3.869,0.000,0.400,0.846,-3.869
32.700,,MAIN_DISPLAY,-3.869,0.000,0.400,0.832,-3.869
32.733,,MAIN_DISPLAY,-3.869,0.000,0.400,0.804,-3.869
32.767,,MAIN_DISPLAY,-3.869,0.000,0.400,0.766,-3.869
32.800,,MAIN_DISPLAY,-3.869,0.000,0.400,0.764,-3.869
32.833,,MAIN_DISPLAY,-3.869,0.000,0.400,0.755,-3.869
32.867,,MAIN_DISPLAY,-3.869,0.000,0.400,0.833,-3.869
32.900,,MAIN_DISPLAY,-3.869,0.000,0.400,0.823,-3.869
32.933,,MAIN_DISPLAY,-3.869,0.000,0.400,0.771,-3.869
32.967,,MAIN_DISPLAY,-3.869,0.000,0.400,0.783,-3.869